1,Track every rupee you spend to understand your expenses clearly.
2,Create a monthly budget and stick to it.
3,Build an emergency fund worth 3 to 6 months of expenses.
4,Save at least 20% of your income every month.
5,Invest early to maximize compound interest.
6,Avoid impulse purchases by waiting 24 hours before buying.
7,Pay your credit card bills on time to avoid interest.
8,Pay off high-interest debt first.
9,Set clear short-term and long-term financial goals.
10,Review your budget at the end of every month.
11,Use UPI and digital payments to track spending easily.
12,Limit your EMI commitments to avoid financial strain.
13,Invest in mutual funds through SIPs consistently.
14,Diversify your investments across asset classes.
15,Avoid taking loans for depreciating assets.
16,Keep track of your credit score regularly.
17,"Use cashback and discounts wisely, not impulsively."
18,Automate your savings every month.
19,Maintain separate accounts for savings and spending.
20,Avoid lifestyle inflation as your income grows.
21,Cancel unused subscriptions and services.
22,Always negotiate prices when possible.
23,Avoid co-signing loans for others.
24,Compare prices before major purchases.
25,Invest in health insurance early.
26,Start retirement planning in your 20s.
27,Review your investment portfolio yearly.
28,Keep learning about personal finance.
29,Don't chase quick-rich schemes.
30,Understand the risks before investing.
31,Save bonuses instead of spending them.
32,Plan major expenses in advance.
33,Avoid emotional decisions in investments.
34,Use credit cards only if you can pay in full.
35,"Start small, but stay consistent with saving."
36,Use a financial tracking app.
37,Don't borrow money to impress others.
38,Build multiple income streams.
39,Invest in upskilling to increase your earning power.
40,Avoid unnecessary bank charges.
41,Keep receipts and track tax-related documents.
42,Learn basic tax rules in your country.
43,Buy term insurance not endowment plans.
44,Avoid withdrawing PF unnecessarily.
45,Avoid timing the stock market.
46,Invest for long term for better returns.
47,Don't keep too much money idle in savings accounts.
48,Use recurring deposits for disciplined saving.
49,"Invest in gold systematically, not emotionally."
50,Spend less than you earn always.
51,Follow the 50-30-20 budgeting rule.
52,Don't compare your finances with others.
53,Avoid taking personal loans unless urgent.
54,Prioritize needs over wants.
55,Track your net worth yearly.
56,Learn to say NO to unnecessary outings.
57,Keep a financial journal.
58,Separate business and personal finances.
59,Educate your family about savings.
60,Protect your passwords and accounts.
61,Avoid get-rich-quick trading signals.
62,Don't skip EMI payments.
63,Buy products only when you need them.
64,Invest in index funds as a low-cost option.
65,Stop spending on status symbols.
66,Review your insurance coverage annually.
67,Plan for major life events early.
68,Avoid buying gadgets frequently.
69,Pay utility bills before the due date.
70,Don't depend only on one income source.
71,Keep liquidity for emergencies.
72,Set auto-pay for essential bills.
73,Spend cash for small expenses to feel the impact.
74,Learn negotiation skills.
75,Review bank statements monthly.
76,Don't lend large amounts to friends or relatives.
77,Invest windfalls wisely.
78,"Spend on experiences, not just things."
79,Buy quality products that last.
80,Keep a strict limit for entertainment expenses.
81,Choose resale-value products when possible.
82,Research before investing in real estate.
83,Avoid emotional shopping during stress.
84,Set up financial goals for each year.
85,Don't invest in something you don't understand.
86,Use a shopping list to prevent extra buying.
87,Keep documents safely organized.
88,Avoid buying extended warranties unnecessarily.
89,Don't rely solely on advisors learn yourself.
90,Save for taxes if your self-employed.
91,Limit eating out to save money.
92,Start saving for childrens education early.
93,Maintain a minimalistic lifestyle.
94,Avoid paying interest earn it.
95,Plan vacations within your budget.
96,Review bank loan offers before deciding.
97,Avoid spending for validation from others.
98,Use public transport to save money.
99,"Practice contentment, not comparison."
100,Make financial discipline a habit.
